Category,Content
Phát âm và từ loại,, Danh từ (noun)
Định nghĩa,Thông tin, dữ liệu, hoặc kiến thức thu thập được về một chủ đề cụ thể
Các dạng liên quan,"Inform (v): Cung cấp thông tin; Informative (adj): Nhiều thông tin, cung cấp kiến thức; Informed (adj): Được thông báo, hiểu biết; Misinformation (n): Thông tin sai lệch"
Tính chất,"Uncountable (Không đếm được): Không dùng với a/an, không thêm s."
Ví dụ đúng,I need some information.
Ví dụ sai,I need an information.
Cụm từ thường gặp,"Provide information: Cung cấp thông tin; Gather information: Thu thập thông tin; Access information: Truy cập thông tin; Confidential information: Thông tin bí mật; Reliable information: Thông tin đáng tin cậy"
Band IELTS, 5.0 - 6.0
Nghe (Listening), Xuất hiện ở Section 1 hoặc 2 về hội thoại cung cấp chi tiết
Ví dụ Listening,"Could you give me more information about the course schedule?; This leaflet contains information on the best places to visit."
Nói (Speaking),"Part 1: Trả lời về bản thân; Part 2: Miêu tả sự kiện hoặc tài liệu."
Cách dùng nâng cao,"In today’s digital age, accessing information has become effortless.; Moreover, reliable information plays a vital role in decision-making."
Đọc (Reading),"Xuất hiện trong bài đọc về công nghệ, giáo dục, hoặc nghiên cứu khoa học."
Tips Reading, Chú ý từ đồng nghĩa như data, facts, knowledge, details
Viết Task 1, Miêu tả dữ liệu trong biểu đồ hoặc bảng
Ví dụ Task 1, The chart provides information on the consumption of energy in different countries.
Viết Task 2, Bài luận về công nghệ, giáo dục, hoặc truyền thông
Ví dụ Task 2,"Access to information is crucial in modern education.; The abundance of information on the internet has revolutionized communication."
Gợi ý cải thiện,"Sử dụng collocations như vast amount of information, classified information, disseminate information; Thêm paraphrases như data, insights, intelligence."
